NVIDIA CORP	NVDA
Apple Inc.	AAPL
Alphabet Inc.	GOOGL
MICROSOFT CORP	MSFT
AMAZON COM INC	AMZN
Broadcom Inc.	AVGO
Meta Platforms, Inc.	META
Tesla, Inc.	TSLA
BERKSHIRE HATHAWAY INC	BRK-B
MICRON TECHNOLOGY INC	MU
ELI LILLY & Co	LLY
JPMORGAN CHASE & CO	JPM
Walmart Inc.	WMT
ADVANCED MICRO DEVICES INC	AMD
VISA INC.	V
ASML HOLDING NV	ASML
JOHNSON & JOHNSON	JNJ
ExxonMobil Holdings Corp	XOM
Mastercard Inc	MA
INTEL CORP	INTC
AbbVie Inc.	ABBV
Palantir Technologies Inc.	PLTR
BANK OF AMERICA CORP /DE/	BAC
ORACLE CORP	ORCL
CISCO SYSTEMS, INC.	CSCO
COSTCO WHOLESALE CORP /NEW	COST
CHEVRON CORP	CVX
COCA COLA CO	KO
LAM RESEARCH CORP	LRCX
CATERPILLAR INC	CAT
APPLIED MATERIALS INC /DE	AMAT
Merck & Co., Inc.	MRK
Contemporary Amperex Technology Co., Limited/ADR	CYATY
GENERAL ELECTRIC CO	GE
HSBC HOLDINGS PLC	HSBC
UNITEDHEALTH GROUP INC	UNH
NETFLIX INC	NFLX
MORGAN STANLEY	MS
PROCTER & GAMBLE Co	PG
HOME DEPOT, INC.	HD
Palo Alto Networks Inc	PANW
GOLDMAN SACHS GROUP INC	GS
Philip Morris International Inc.	PM
Dell Technologies Inc.	DELL
Alibaba Group Holding Ltd	BABA
NOVARTIS AG	NVS
RTX Corp	RTX
ROYAL BANK OF CANADA	RY
WELLS FARGO & COMPANY/MN	WFC
ARM HOLDINGS PLC /UK	ARM
MITSUBISHI UFJ FINANCIAL GROUP INC	MUFG
SAP SE	SAP
ASTRAZENECA PLC	AZN
Shell plc	SHEL
Arista Networks, Inc.	ANET
GE Vernova Inc.	GEV
BHP Group Ltd	BHP
TEXAS INSTRUMENTS INC	TXN
AMGEN INC	AMGN
THERMO FISHER SCIENTIFIC INC.	TMO
TOYOTA MOTOR CORP/	TM
KLA CORP	KLAC
AMERICAN EXPRESS CO	AXP
LINDE PLC	LIN
CrowdStrike Holdings, Inc.	CRWD
CITIGROUP INC	C
INTERNATIONAL BUSINESS MACHINES CORP	IBM
Sandisk Corp	SNDK
Salesforce, Inc.	CRM
Banco Santander, S.A.	SAN
RIO TINTO LTD	RTNTF
VERIZON COMMUNICATIONS INC	VZ
NOVO NORDISK A S	NVO
SHOPIFY INC.	SHOP
TORONTO DOMINION BANK	TD
AMPHENOL CORP /DE/	APH
ABBOTT LABORATORIES	ABT
T-Mobile US, Inc.	TMUS
Marvell Technology, Inc.	MRVL
PEPSICO INC	PEP
SCHWAB CHARLES CORP	SCHW
TotalEnergies SE	TTE
Seagate Technology Holdings plc	STX
BlackRock, Inc.	BLK
MCDONALDS CORP	MCD
Walt Disney Co	DIS
UNION PACIFIC CORP	UNP
GILEAD SCIENCES, INC.	GILD
AT&T INC.	T
SOUTHERN COPPER CORP/	SCCO
ANALOG DEVICES INC	ADI
QUALCOMM INC/DE	QCOM
WELLTOWER INC.	WELL
Blackstone Inc.	BX
NEXTERA ENERGY INC	NEE
DEERE & CO	DE
UBS Group AG	UBS
RIO TINTO PLC	RIO
WESTERN DIGITAL CORP	WDC
BOEING CO	BA
Kioxia Holdings Corporation/ADR	KXIAY
SUMITOMO MITSUI FINANCIAL GROUP, INC.	SMFG
Interactive Brokers Group, Inc.	IBKR
Uber Technologies, Inc	UBER
DEUTSCHE TELEKOM AG	DTEGY
BANCO BILBAO VIZCAYA ARGENTARIA, S.A.	BBVA
PFIZER INC	PFE
Anheuser-Busch InBev SA/NV	BUD
CONOCOPHILLIPS	COP
Eaton Corp plc	ETN
ADVANTEST CORP	ATEYY
HITACHI LTD	HTHIY
Booking Holdings Inc.	BKNG
DANAHER CORP /DE/	DHR
ServiceNow, Inc.	NOW
TJX COMPANIES INC /DE/	TJX
Siemens Energy AG/ADR	SMERY
Sony Group Corp	SONY
UNILEVER PLC	UL
Prologis, Inc.	PLD
VERTEX PHARMACEUTICALS INC / MA	VRTX
BRISTOL MYERS SQUIBB CO	BMY
NEWMONT Corp /DE/	NEM
INTUITIVE SURGICAL INC	ISRG
CAPITAL ONE FINANCIAL CORP	COF
Chubb Ltd	CB
LOCKHEED MARTIN CORP	LMT
S&P Global Inc.	SPGI
MIZUHO FINANCIAL GROUP INC	MFG
CORNING INC /NY	GLW
PROGRESSIVE CORP/OH/	PGR
STRYKER CORP	SYK
Parker-Hannifin Corp	PH
STARBUCKS CORP	SBUX
PDD Holdings Inc.	PDD
Fortinet, Inc.	FTNT
British American Tobacco p.l.c.	BTI
BANK OF MONTREAL /CAN/	BMO
CVS HEALTH Corp	CVS
PETROBRAS - PETROLEO BRASILEIRO SA	PBR
HDFC BANK LTD	HDB
LOWES COMPANIES INC	LOW
Medtronic plc	MDT
Accenture plc	ACN
ADOBE INC.	ADBE
ALTRIA GROUP, INC.	MO
Snowflake Inc.	SNOW
AUTOMATIC DATA PROCESSING INC	ADP
Airbnb, Inc.	ABNB
BANK OF NOVA SCOTIA	BNS
Spotify Technology S.A.	SPOT
Bank of New York Mellon Corp	BNY
FREEPORT-MCMORAN INC	FCX
ENBRIDGE INC	ENB
BP PLC	BP
ICICI BANK LTD	IBN
Cloudflare, Inc.	NET
Sanofi	SNY
AppLovin Corp	APP
Howmet Aerospace Inc.	HWM
MCKESSON CORP	MCK
AGNICO EAGLE MINES LTD	AEM
CANADIAN IMPERIAL BANK OF COMMERCE /CAN/	CM
EQUINIX INC	EQIX
DoorDash, Inc.	DASH
GENERAL DYNAMICS CORP	GD
Marathon Petroleum Corp	MPC
CME GROUP INC.	CME
SOUTHERN CO	SO
KKR & Co. Inc.	KKR
VALERO ENERGY CORP/TX	VLO
GSK plc	GSK
CANADIAN NATURAL RESOURCES Ltd	CNQ
ING GROEP NV	ING
Vertiv Holdings Co	VRT
MERCADOLIBRE INC	MELI
Trane Technologies plc	TT
Constellation Energy Corp	CEG
ASE Technology Holding Co., Ltd.	ASX
EQUINOR ASA	EQNR
Phillips 66	PSX
INTUIT INC.	INTU
US BANCORP \DE\	USB
PNC FINANCIAL SERVICES GROUP, INC.	PNC
COMCAST CORP	CMCSA
CSX CORP	CSX
Midea Group Co., Ltd./ADR	MGCLY
Robinhood Markets, Inc.	HOOD
Duke Energy CORP	DUK
CADENCE DESIGN SYSTEMS INC	CDNS
MARSH & MCLENNAN COMPANIES, INC.	MRSH
BROOKFIELD Corp /ON/	BN
Monster Beverage Corp	MNST
MARRIOTT INTERNATIONAL INC /MD/	MAR
TOKIO MARINE HOLDINGS, INC.	TKOMY
Intercontinental Exchange, Inc.	ICE
QUANTA SERVICES, INC.	PWR
HCA Healthcare, Inc.	HCA
BARCLAYS PLC	BCS
WILLIAMS COMPANIES, INC.	WMB
3M CO	MMM
UNITED PARCEL SERVICE INC	UPS
MOODYS CORP /DE/	MCO
WASTE MANAGEMENT INC	WM
Sany Heavy Industries Co., Ltd./ADR	SNHIY
EMERSON ELECTRIC CO	EMR
Elevance Health, Inc.	ELV
Lloyds Banking Group plc	LYG
Datadog, Inc.	DDOG
INFINEON TECHNOLOGIES AG	IFNNY
SLB LIMITED/NV	SLB
SYNOPSYS INC	SNPS
Johnson Controls International plc	JCI
ENTERPRISE PRODUCTS PARTNERS L.P.	EPD
SHERWIN WILLIAMS CO	SHW
Brookfield Asset Management Ltd.	BAM
CANADIAN PACIFIC KANSAS CITY LTD/CN	CP
Itau Unibanco Holding S.A.	ITUB
CARVANA CO.	CVNA
CINTAS CORP	CTAS
AMERICAN TOWER CORP /MA/	AMT
SIMON PROPERTY GROUP INC.	SPG
REGENERON PHARMACEUTICALS, INC.	REGN
BAE SYSTEMS PLC /FI/	BAESY
Lumentum Holdings Inc.	LITE
ECOLAB INC.	ECL
Motorola Solutions, Inc.	MSI
Apollo Global Management, Inc.	APO
NATIONAL GRID PLC	NGG
ILLINOIS TOOL WORKS INC	ITW
Mondelez International, Inc.	MDLZ
NetEase, Inc.	NTES
FEDEX CORP	FDX
NORFOLK SOUTHERN CORP	NSC
CUMMINS INC	CMI
General Motors Co	GM
NORTHROP GRUMMAN CORP /DE/	NOC
SUNCOR ENERGY INC	SU
TRAVELERS COMPANIES, INC.	TRV
ENI SPA	E
CANADIAN NATIONAL RAILWAY CO	CNI
Aon plc	AON
DEUTSCHE BANK AKTIENGESELLSCHAFT	DB
EOG RESOURCES INC	EOG
ROYAL CARIBBEAN CRUISES LTD	RCL
BARRICK MINING CORP	B
TARGET CORP	TGT
Ferrari N.V.	RACE
Cigna Group	CI
ROSS STORES, INC.	ROST
Energy Transfer LP	ET
NatWest Group plc	NWG
Sea Ltd	SE
Hilton Worldwide Holdings Inc.	HLT
COLGATE PALMOLIVE CO	CL
Warner Bros. Discovery, Inc.	WBD
O REILLY AUTOMOTIVE INC	ORLY
MANULIFE FINANCIAL CORP	MFC
DIGITAL REALTY TRUST, INC.	DLR
KINDER MORGAN, INC.	KMI
AMERICA MOVIL SAB DE CV/	AMX
Hewlett Packard Enterprise Co	HPE
Wheaton Precious Metals Corp.	WPM
Nu Holdings Ltd.	NU
Arthur J. Gallagher & Co.	AJG
HONEYWELL INTERNATIONAL INC	HON
Air Products & Chemicals, Inc.	APD
REPUBLIC SERVICES, INC.	RSG
BOSTON SCIENTIFIC CORP	BSX
AMERICAN ELECTRIC POWER CO INC	AEP
Jiangsu Hengrui Pharmaceuticals Co., Ltd./ADR	JHPCY
ALLSTATE CORP	ALL
PACCAR INC	PCAR
TransDigm Group INC	TDG
UNITED RENTALS, INC.	URI
ARGENX SE	ARGX
CRH PUBLIC LTD CO	CRH
Vale S.A.	VALE
RELX PLC	RELX
Bloom Energy Corp	BE
Baker Hughes Co	BKR
Targa Resources Corp.	TRGP
MONOLITHIC POWER SYSTEMS, INC.	MPWR
METLIFE INC	MET
TRUIST FINANCIAL CORP	TFC
Cencora, Inc.	COR
W.W. GRAINGER, INC.	GWW
MPLX LP	MPLX
ONEOK INC /NEW/	OKE
CSL LTD	CSLLY
OCCIDENTAL PETROLEUM CORP /DE/	OXY
London Stock Exchange Group plc	LSEGY
REALTY INCOME CORP	O
TE Connectivity plc	TEL
Public Storage	PSA
AFLAC INC	AFL
NIKE, Inc.	NKE
Cheniere Energy, Inc.	LNG
CENOVUS ENERGY INC.	CVE
DOMINION ENERGY, INC	D
GREAT-WEST LIFECO INC.	GWLIF
TAKEDA PHARMACEUTICAL CO LTD	TAK
FASTENAL CO	FAST
NOKIA CORP	NOK
NUCOR CORP	NUE
AngloGold Ashanti PLC	AU
NXP Semiconductors N.V.	NXPI
Nebius Group N.V.	NBIS
ArcelorMittal	MT
TERADYNE, INC	TER
Diamondback Energy, Inc.	FANG
Corteva, Inc.	CTVA
NASDAQ, INC.	NDAQ
FORD MOTOR CO	F
COHERENT CORP.	COHR
GARMIN LTD	GRMN
SEMPRA	SRE
Moderna, Inc.	MRNA
CARDINAL HEALTH INC	CAH
AMETEK INC/	AME
Keysight Technologies, Inc.	KEYS
Autodesk, Inc.	ADSK
CIENA CORP	CIEN
E.ON SE	EONGY
COMFORT SYSTEMS USA INC	FIX
STATE STREET CORP	STT
DELTA AIR LINES, INC.	DAL
DEVON ENERGY CORP/DE	DVN
Edwards Lifesciences Corp	EW
BECTON DICKINSON & CO	BDX
DIAGEO PLC	DEO
Honeywell Aerospace Inc.	HONA
Astera Labs, Inc.	ALAB
FRANCO NEVADA Corp	FNV
Workday, Inc.	WDAY
Strategy Inc	MSTR
Block, Inc.	XYZ
AMERIPRISE FINANCIAL INC	AMP
WESTINGHOUSE AIR BRAKE TECHNOLOGIES CORP	WAB
UNITED MICROELECTRONICS CORP	UMC
ENTERGY CORP /DE/	ETR
Galderma Group AG/ADR	GALDY
FIFTH THIRD BANCORP	FITB
AXON ENTERPRISE, INC.	AXON
L3HARRIS TECHNOLOGIES, INC. /DE/	LHX
Infosys Ltd	INFY
Atlassian Corp	TEAM
CARRIER GLOBAL Corp	CARR
COCA-COLA EUROPACIFIC PARTNERS plc	CCEP
CHIPOTLE MEXICAN GRILL INC	CMG
ROCKWELL AUTOMATION, INC	ROK
XCEL ENERGY INC	XEL
Medline Inc.	MDLN
Ventas, Inc.	VTR
Natera, Inc.	NTRA
Ares Management Corp	ARES
EBAY INC	EBAY
HUMANA INC	HUM
Coinbase Global, Inc.	COIN
CoreWeave, Inc.	CRWV
PayPal Holdings, Inc.	PYPL
Vistra Corp.	VST
THOMSON REUTERS CORP /CAN/	TRI
PAYCHEX INC	PAYX
EXELON CORP	EXC
VEEVA SYSTEMS INC	VEEV
Revolution Medicines, Inc.	RVMD
RECKITT BENCKISER GROUP PLC	RBGLY
Haleon plc	HLN
Ferguson Enterprises Inc. /DE/	FERG
Keurig Dr Pepper Inc.	KDP
STMicroelectronics N.V.	STM
AMBEV S.A.	ABEV
AGILENT TECHNOLOGIES, INC.	A
Credo Technology Group Holding Ltd	CRDO
SUN LIFE FINANCIAL INC	SLF
CBRE GROUP, INC.	CBRE
TAKE TWO INTERACTIVE SOFTWARE INC	TTWO
IDEXX LABORATORIES INC /DE	IDXX
CAMECO CORP	CCJ
KB Financial Group Inc.	KB
Banco Santander (Brasil) S.A.	BSBR
Bayerische Motoren Werke AG/ADR	BMWKY
IQVIA HOLDINGS INC.	IQV
TEVA PHARMACEUTICAL INDUSTRIES LTD	TEVA
Cerebras Systems Inc.	CBRS
Ferrovial N.V.	FER
ORIX CORP	IX
ROPER TECHNOLOGIES INC	ROP
JX Advanced Metals Corporation/ADR	JXAMY
YUM BRANDS INC	YUM
Live Nation Entertainment, Inc.	LYV
Waste Connections, Inc.	WCN
MSCI Inc.	MSCI
PRUDENTIAL FINANCIAL INC	PRU
OLD DOMINION FREIGHT LINE, INC.	ODFL
SUMITOMO ELECTRIC INDUSTRIES LTD/ADR/	SMTOY
BeOne Medicines Ltd.	ONC
HONDA MOTOR CO LTD	HMC
MEXICAN ECONOMIC DEVELOPMENT INC	FMX
HORTON D R INC /DE/	DHI
WATERS CORP /DE/	WAT
FLEX LTD.	FLEX
Rocket Lab Corp	RKLB
GOLD FIELDS LTD	GFI
SWISSCOM AG	SCMWY
AMERICAN INTERNATIONAL GROUP, INC.	AIG
Viking Holdings Ltd	VIK
CONSOLIDATED EDISON INC	ED
MICROCHIP TECHNOLOGY INC	MCHP
SYSCO CORP	SYY
Expedia Group, Inc.	EXPE
Archer-Daniels-Midland Co	ADM
Rocket Companies, Inc.	RKT
JD.com, Inc.	JD
CELESTICA INC	CLS
MARTIN MARIETTA MATERIALS INC	MLM
HARTFORD INSURANCE GROUP, INC.	HIG
ESTEE LAUDER COMPANIES INC	EL
SHINHAN FINANCIAL GROUP CO LTD	SHG
VODAFONE GROUP PUBLIC LTD CO	VOD
TWILIO INC	TWLO
Kenvue Inc.	KVUE
KINROSS GOLD CORP	KGC
NetApp, Inc.	NTAP
KIMBERLY CLARK CORP	KMB
Ubiquiti Inc.	UI
PUBLIC SERVICE ENTERPRISE GROUP INC	PEG
PG&E Corp	PCG
HERSHEY CO	HSY
United Airlines Holdings, Inc.	UAL
MongoDB, Inc.	MDB
Restaurant Brands International Inc.	QSR
Venture Global, Inc.	VG
Vulcan Materials CO	VMC
KROGER CO	KR
Dollarama Inc./ADR	DLMAY
Royalty Pharma plc	RPRX
Nutrien Ltd.	NTR
IRON MOUNTAIN INC	IRM
RESONA HOLDINGS INC	RSHGY
TKO Group Holdings, Inc.	TKO
ALCON INC	ALC
WEC ENERGY GROUP, INC.	WEC
RESMED INC	RMD
RAYMOND JAMES FINANCIAL INC	RJF
M&T BANK CORP	MTB
PRUDENTIAL PLC	PUK
EQT Corp	EQT
BANK BRADESCO	BBD
HUNTINGTON BANCSHARES INC /MD/	HBAN
FAIRFAX FINANCIAL HOLDINGS LTD/ CAN	FRFHF
DEXCOM INC	DXCM
NORTHERN TRUST CORP	NTRS
ECOPETROL S.A.	EC
Carnival Corp Ltd.	CCL
TECK RESOURCES LTD	TECK
STEEL DYNAMICS INC	STLD
ARCH CAPITAL GROUP LTD.	ACGL
CHUNGHWA TELECOM CO LTD	CHT
ELBIT SYSTEMS LTD	ESLT
CROWN CASTLE INC.	CCI
Cheniere Energy Partners, L.P.	CQP
Baidu, Inc.	BIDU
Capitec Limited/ADR	CKHGF
EMCOR Group, Inc.	EME
ILLUMINA, INC.	ILMN
Cboe Global Markets, Inc.	CBOE
ERICSSON LM TELEPHONE CO	ERIC
GE HealthCare Technologies Inc.	GEHC
CENTENE CORP	CNC
BIOGEN INC.	BIIB
WILLIS TOWERS WATSON PLC	WTW
Zoetis Inc.	ZTS
JABIL INC	JBL
Extra Space Storage Inc.	EXR
ALNYLAM PHARMACEUTICALS, INC.	ALNY
Universal Music Group N.V./ADR	UNVGY
Everpure, Inc.	P
COPART INC	CPRT
Ingersoll Rand Inc.	IR
Kraft Heinz Co	KHC
HALLIBURTON CO	HAL
Fresenius SE & Co. KGaA	FSNUY
Zscaler, Inc.	ZS
NOMURA HOLDINGS INC	NMR
Sunbelt Rentals Holdings, Inc.	SUNB
TechnipFMC plc	FTI
Coupang, Inc.	CPNG
Okta, Inc.	OKTA
Reddit, Inc.	RDDT
CITIZENS FINANCIAL GROUP INC/RI	CFG
AMEREN CORP	AEE
CREDICORP LTD	BAP
LAS VEGAS SANDS CORP	LVS
Kongsberg Gruppen ASA/ADR	KBGGY
RYANAIR HOLDINGS PLC	RYAAY
LPL Financial Holdings Inc.	LPLA
COGNIZANT TECHNOLOGY SOLUTIONS CORP	CTSH
Fox Corp	FOXA
Zoom Communications, Inc.	ZM
TELEDYNE TECHNOLOGIES INC	TDY
ATI INC	ATI
VICI PROPERTIES INC.	VICI
Trip.com Group Ltd	TCOM
FISERV INC	FISV
DTE ENERGY CO	DTE
ATMOS ENERGY CORP	ATO
ON SEMICONDUCTOR CORP	ON
METTLER TOLEDO INTERNATIONAL INC/	MTD
CASEYS GENERAL STORES INC	CASY
PEMBINA PIPELINE CORP	PBA
Fortis Inc.	FTS
Bending Spoons S.p.A.	BSP
WILLIAMS SONOMA INC	WSM
American Water Works Company, Inc.	AWK
HP INC	HPQ
SharkNinja, Inc.	SN
Otis Worldwide Corp	OTIS
TENARIS SA	TS
LABCORP HOLDINGS INC.	LH
Roblox Corp	RBLX
DOLLAR GENERAL CORP	DG
EDISON INTERNATIONAL	EIX
QUEST DIAGNOSTICS INC	DGX
CORPAY, INC.	CPAY
EVERSOURCE ENERGY	ES
Affirm Holdings, Inc.	AFRM
DOVER Corp	DOV
FIRSTENERGY CORP	FE
VERISIGN INC/CA	VRSN
CINCINNATI FINANCIAL CORP	CINF
VIVMARK RESIDENTIAL	VMRK
KONINKLIJKE PHILIPS NV	PHG
CENTERPOINT ENERGY INC	CNP
Xylem Inc.	XYL
REGIONS FINANCIAL CORP	RF
BioNTech SE	BNTX
INSMED Inc	INSM
PPL Corp	PPL
Synchrony Financial	SYF
Roivant Sciences Ltd.	ROIV
BERKLEY W R CORP	WRB
Smurfit Westrock plc	SW
PPG INDUSTRIES INC	PPG
Qnity Electronics, Inc.	Q
EchoStar CORP	ECHO
INCYTE CORP	INCY
Texas Pacific Land Corp	TPL
TAPESTRY, INC.	TPR
FAIR ISAAC CORP	FICO
Verisk Analytics, Inc.	VRSK
Geely Automobile Holdings Limited/ADR	GELHY
Chocoladefabriken Lindt & Spruengli AG/ADR	CHLSY
EXPEDITORS INTERNATIONAL OF WASHINGTON INC	EXPD
FIRST CITIZENS BANCSHARES INC /DE/	FCNCA
BROWN & BROWN, INC.	BRO
GLOBALFOUNDRIES Inc.	GFS
HUNT J B TRANSPORT SERVICES INC	JBHT
Amrize Ltd	AMRZ
HUBBELL INC	HUBB
PULTEGROUP INC/MI/	PHM
DARDEN RESTAURANTS INC	DRI
GLOBAL PAYMENTS INC	GPN
Symbotic Inc.	SYM
OMNICOM GROUP INC.	OMC
DOLLAR TREE, INC.	DLTR
CHURCH & DWIGHT CO INC /DE/	CHD
nVent Electric plc	NVT
Samsara Inc.	IOT
PRINCIPAL FINANCIAL GROUP INC	PFG
Super Micro Computer, Inc.	SMCI
Veralto Corp	VLTO
INTERCONTINENTAL HOTELS GROUP PLC /NEW/	IHG
WEST PHARMACEUTICAL SERVICES INC	WST
TOWER SEMICONDUCTOR LTD	TSEM
Circle Internet Group, Inc.	CRCL
CARPENTER TECHNOLOGY CORP	CRS
PRICE T ROWE GROUP INC	TROW
Tradeweb Markets Inc.	TW
Liberty Media Corp	FWONA
ROKU, INC	ROKU
KEYCORP /NEW/	KEY
NRG ENERGY, INC.	NRG
SoFi Technologies, Inc.	SOFI
US Foods Holding Corp.	USFD
Viper Energy, Inc.	VNOM
AerCap Holdings N.V.	AER
Grupo Cibest S.A.	CIB
EXPAND ENERGY Corp	EXE
Rivian Automotive, Inc. / DE	RIVN
EQUIFAX INC	EFX
STERIS plc	STE
Arxis, Inc.	ARXS
F5, INC.	FFIV
CONSTELLATION BRANDS, INC.	STZ
CHEMICAL & MINING CO OF CHILE INC	SQM
AST SpaceMobile, Inc.	ASTS
EDP ENERGIAS DE PORTUGAL SA	EDPFY
MARKEL GROUP INC.	MKL
LOEWS CORP	L
INTERNATIONAL FLAVORS & FRAGRANCES INC	IFF
XPO, Inc.	XPO
Bunge Global SA	BG
GENERAL MILLS INC	GIS
UNITED THERAPEUTICS Corp	UTHR
ROYAL GOLD INC	RGLD
Ulta Beauty, Inc.	ULTA
DOW INC.	DOW
FIRST SOLAR, INC.	FSLR
CURTISS WRIGHT CORP	CW
Guardant Health, Inc.	GH
Hesai Group	HSAI
BCE INC	BCE
MTN GROUP LTD/ADR	MTNOY
PAN AMERICAN SILVER CORP	PAAS
HEINEKEN HOLDING N V	HKHHY
Coeur Mining, Inc.	CDE
Amcor plc	AMCR
PACKAGING CORP OF AMERICA	PKG
TENET HEALTHCARE CORP	THC
Fidelity National Information Services, Inc.	FIS
CMS ENERGY CORP	CMS
TPG Inc.	TPG
RALPH LAUREN CORP	RL
BANK OF CHILE	BCH
BROADRIDGE FINANCIAL SOLUTIONS, INC.	BR
INTERNATIONAL PAPER CO /NEW/	IP
CHARTER COMMUNICATIONS, INC. /MO/	CHTR
LENNAR CORP /NEW/	LEN
ENTEGRIS INC	ENTG
LyondellBasell Industries N.V.	LYB
GENMAB A/S	GMAB
Toast, Inc.	TOST
Stellantis N.V.	STLA
MACOM Technology Solutions Holdings, Inc.	MTSI
Snap-on Inc	SNA
Joint Stock Co Kaspi.kz	KSPI
Woodward, Inc.	WWD
SBA COMMUNICATIONS CORP	SBAC
Sartorius AG/ADR	SOAGY
KE Holdings Inc.	BEKE
FedEx Freight Holding Company, Inc.	FDXF
FTAI Aviation Ltd.	FTAI
Cheung Kong Property Holdings Limited/ADR	CNGKY
RELIANCE, INC.	RS
Western Midstream Partners, LP	WES
TELENOR ASA	TELNY
YPF SOCIEDAD ANONIMA	YPF
ROGERS COMMUNICATIONS INC	RCI
SS&C Technologies Holdings Inc	SSNC
ESSEX PROPERTY TRUST, INC.	ESS
TYSON FOODS, INC.	TSN
NISOURCE INC.	NI
SOUTHWEST AIRLINES CO	LUV
Rubrik, Inc.	RBRK
MASTEC INC	MTZ
ZIMMER BIOMET HOLDINGS, INC.	ZBH
Permian Resources Corp	PR
Unity Software Inc.	U
Viatris Inc	VTRS
CF Industries Holdings, Inc.	CF
GENUINE PARTS CO	GPC
BLUE OWL CAPITAL INC.	OWL
Nutanix, Inc.	NTNX
CNH Industrial N.V.	CNH
Evergy, Inc.	EVRG
DuPont de Nemours, Inc.	DD
CDW Corp	CDW
Gen Digital Inc.	GEN
TELEFONICA BRASIL S.A.	VIV
POSCO HOLDINGS INC.	PKX
WOLTERS KLUWER N V /FI	WTKWY
NORDSON CORP	NDSN
TRACTOR SUPPLY CO /DE/	TSCO
PLAINS ALL AMERICAN PIPELINE LP	PAA
Fortive Corp	FTV
WIPRO LTD	WIT
Amer Sports, Inc.	AS
Ovintiv Inc.	OVV
JACOBS SOLUTIONS INC.	J
WOORI FINANCIAL GROUP INC.	WF
EAST WEST BANCORP INC	EWBC
Leidos Holdings, Inc.	LDOS
FRANKLIN RESOURCES INC	BEN
HF Sinclair Corp	DINO
ALLIANT ENERGY CORP	LNT
C. H. ROBINSON WORLDWIDE, INC.	CHRW
Carlyle Group Inc.	CG
MAGNA INTERNATIONAL INC	MGA
Flutter Entertainment plc	FLUT
JONES LANG LASALLE INC	JLL
ROLLINS INC	ROL
Tourmaline Oil Corp/ADR	TRMOY
Invitation Homes Inc.	INVH
James Hardie Industries plc	JHX
ANNALY CAPITAL MANAGEMENT INC	NLY
Futu Holdings Ltd	FUTU
BEST BUY CO INC	BBY
ASR Nederland N.V./ADR	ARNNY
MKS INC	MKSI
Burlington Stores, Inc.	BURL
APi Group Corp	APG
RYAN SPECIALTY HOLDINGS, INC.	RYAN
PTC INC.	PTC
NVR INC	NVR
WEYERHAEUSER CO	WY
Guidewire Software, Inc.	GWRE
IDEX CORP /DE/	IEX
COMPANHIA DE SANEAMENTO BASICO DO ESTADO DE SAO PAULO-SABESP	SBS
PERSHING SQUARE INC.	PS
SITIME Corp	SITM
BALL Corp	BALL
ZEBRA TECHNOLOGIES CORP	ZBRA
Medpace Holdings, Inc.	MEDP
ONTO INNOVATION INC.	ONTO
NEWS CORP	NWSA
DiDi Global Inc.	DIDIY
BANCO SANTANDER CHILE	BSAC
CLEAN HARBORS INC	CLH
TransUnion	TRU
WESCO INTERNATIONAL INC	WCC
Daiwa Securities Group Inc.	DSEEY
ZTO Express (Cayman) Inc.	ZTO
Hyatt Hotels Corp	H
ALBEMARLE CORP	ALB
Ascendis Pharma A/S	ASND
LATTICE SEMICONDUCTOR CORP	LSCC
W. P. Carey Inc.	WPC
REINSURANCE GROUP OF AMERICA INC	RGA
KIMCO REALTY CORP	KIM
Sprott Physical Gold Trust	PHYS
Jazz Pharmaceuticals plc	JAZZ
RB GLOBAL INC.	RBA
Puig Brands S.A./ADR	PUGBY
RBC Bearings INC	RBC
Performance Food Group Co	PFGC
BAWAG Group AG/ADR	BAWAY
IonQ, Inc.	IONQ
Lens Technology Co., Ltd./ADR	LNTCY
CEMEX SAB DE CV	CX
MILLICOM INTERNATIONAL CELLULAR SA	TIGO
NEUROCRINE BIOSCIENCES INC	NBIX
INNIO N.V.	INIO
Dynatrace, Inc.	DT
Solventum Corp	SOLV
LINCOLN ELECTRIC HOLDINGS INC	LECO
SUN COMMUNITIES INC	SUI
HOST HOTELS & RESORTS, INC.	HST
CGI INC	GIB
AKAMAI TECHNOLOGIES INC	AKAM
Figma, Inc.	FIG
Brookfield Renewable Partners L.P.	BEP
TYLER TECHNOLOGIES INC	TYL
MID AMERICA APARTMENT COMMUNITIES INC.	MAA
Aramark	ARMK
Yum China Holdings, Inc.	YUMC
LAMAR ADVERTISING CO/NEW	LAMR
Pinnacle Financial Partners, Inc.	PNFP
EMERA INC	EMA
ALAMOS GOLD INC	AGI
GFL Environmental Inc.	GFL
TELUS CORP	TU
UL Solutions Inc.	ULS
SK TELECOM CO LTD	SKM
Equinox Gold Corp.	EQX
BridgeBio Pharma, Inc.	BBIO
HEALTHPEAK PROPERTIES, INC.	DOC
Fabrinet	FN
APA Corp	APA
MCCORMICK & CO INC	MKC
KOREA ELECTRIC POWER CORP	KEP
SCREEN Holdings Co., Ltd./ADR	SCRNY
Grab Holdings Ltd	GRAB
STANLEY BLACK & DECKER, INC.	SWK
Warner Music Group Corp.	WMG
Unum Group	UNM
OMEGA HEALTHCARE INVESTORS INC	OHI
H World Group Ltd	HTHT
Corebridge Financial, Inc.	CRBG
STERLING INFRASTRUCTURE, INC.	STRL
JBS N.V.	JBS
EVEREST GROUP, LTD.	EG
Invesco Ltd.	IVZ
MASCO CORP /DE/	MAS
BITMINE IMMERSION TECHNOLOGIES, INC.	BMNR
PERUSAHAAN PERSEROAN PERSERO PT TELEKOMUNIKASI INDONESIA TBK	TLK
REVVITY, INC.	RVTY
ARES CAPITAL CORP	ARCC
TEXTRON INC	TXT
PENSKE AUTOMOTIVE GROUP, INC.	PAG
TRIMBLE INC.	TRMB
Talen Energy Corp	TLN
J M SMUCKER Co	SJM
Sunoco LP	SUN
CHECK POINT SOFTWARE TECHNOLOGIES LTD	CHKP
CARLISLE COMPANIES INC	CSL
REGENCY CENTERS CORP	REG
ASSURANT, INC.	AIZ
Wayfair Inc.	W
CHARLES RIVER LABORATORIES INTERNATIONAL, INC.	CRL
QXO, Inc.	QXO
LOGITECH INTERNATIONAL S.A.	LOGI
BWX Technologies, Inc.	BWXT
Tencent Music Entertainment Group	TME
CACI INTERNATIONAL INC /DE/	CACI
COOPER COMPANIES, INC.	COO
MUELLER INDUSTRIES INC	MLI
American Homes 4 Rent	AMH
Sprott Physical Silver Trust	PSLV
RENAISSANCERE HOLDINGS LTD	RNR
Equitable Holdings, Inc.	EQH
Galaxy Digital Inc.	GLXY
SOMNIGROUP INTERNATIONAL INC.	SGI
UDR, Inc.	UDR
AEGON LTD.	AEG
ERIE INDEMNITY CO	ERIE
RPM INTERNATIONAL INC/DE/	RPM
HECLA MINING CO/DE/	HL
OBIC Co., Ltd./ADR	OBICY
lululemon athletica inc.	LULU
LENNOX INTERNATIONAL INC	LII
Avery Dennison Corp	AVY
BELIMO Holding AG/ADR	BLMOY
BAXTER INTERNATIONAL INC	BAX
Allegion plc	ALLE
EXELIXIS, INC.	EXEL
Toll Brothers, Inc.	TOL
GLOBE LIFE INC.	GL
FIVE BELOW, INC	FIVE
SEI INVESTMENTS CO	SEIC
HUBSPOT INC	HUBS
U-Haul Holding Co /NV/	UHAL
HASBRO, INC.	HAS
CNA FINANCIAL CORP	CNA
Daifuku Co., Ltd./ADR	DFKUY
DT Midstream, Inc.	DTM
Madison Air Solutions Corp	MAIR
Quantinuum Inc.	QNT
Alcoa Corp	AA
Nextpower Inc.	NXT
COSTAR GROUP, INC.	CSGP
PINTEREST, INC.	PINS
MANHATTAN ASSOCIATES INC	MANH
Coca-Cola Consolidated, Inc.	COKE
ICON PLC	ICLR
DigitalOcean Holdings, Inc.	DOCN
BORGWARNER INC	BWA
Texas Roadhouse, Inc.	TXRH
EMBRAER S.A.	EMBJ
AGNC Investment Corp.	AGNC
Hudbay Minerals Inc.	HBM
DraftKings Inc.	DKNG
Wise Group plc	WSE
CROWN HOLDINGS, INC.	CCK
Ally Financial Inc.	ALLY
GRACO INC	GGG
EQUITY LIFESTYLE PROPERTIES INC	ELS
Var Energi ASA/ADR	VARRY
Fidelity National Financial, Inc.	FNF
WATSCO INC	WSO
Gaming & Leisure Properties, Inc.	GLPI
Penumbra Inc	PEN
Chime Financial, Inc.	CHYM
BXP, Inc.	BXP
TTM TECHNOLOGIES INC	TTMI
BROWN FORMAN CORP	BF-B
HARMONY GOLD MINING CO LTD	HMY
IREN Ltd	IREN
GARTNER INC	IT
BIOMARIN PHARMACEUTICAL INC	BMRN
IES Holdings, Inc.	IESC
CLOROX CO /DE/	CLX
Pacific Airport Group	PAC
AKZO NOBEL NV	AKZOY
JFrog Ltd	FROG
MADRIGAL PHARMACEUTICALS, INC.	MDGL
Magnum Ice Cream Co N.V.	MICC
STIFEL FINANCIAL CORP	SF
CORCEPT THERAPEUTICS INC	CORT
CAMDEN PROPERTY TRUST	CPT
Fresenius Medical Care AG	FMS
DOCUSIGN, INC.	DOCU
WATTS WATER TECHNOLOGIES INC	WTS
SEMTECH CORP	SMTC
GoDaddy Inc.	GDDY
American Healthcare REIT, Inc.	AHR
Paramount Skydance Corp	PSKY
YARA INTERNATIONAL ASA	YARIY
BUNZL PLC	BZLFY
SMITH & NEPHEW PLC	SNN
Elanco Animal Health Inc	ELAN
DICK'S SPORTING GOODS, INC.	DKS
JACK HENRY & ASSOCIATES INC	JKHY
ARROWHEAD PHARMACEUTICALS, INC.	ARWR
Encompass Health Corp	EHC
Crane Co	CR
HALOZYME THERAPEUTICS, INC.	HALO
DECKERS OUTDOOR CORP	DECK
AMKOR TECHNOLOGY, INC.	AMKR
MOOG INC.	MOG-A
Li Auto Inc.	LI
AMERICAN FINANCIAL GROUP INC	AFG
ANTERO RESOURCES Corp	AR
RENTOKIL INITIAL PLC /FI	RTO
ELDORADO GOLD CORP /FI	EGO
PINNACLE WEST CAPITAL CORP	PNW
HORMEL FOODS CORP /DE/	HRL
BrightSpring Health Services, Inc.	BTSG
Maplebear Inc.	CART
APPLIED INDUSTRIAL TECHNOLOGIES INC	AIT
Compass Sub North, Inc.	CONE
FIRST HORIZON CORP	FHN
Toromont Industries Ltd./ADR	TMTNY
Aurora Innovation, Inc.	AUR
IAMGOLD CORP	IAG
Essential Utilities, Inc.	WTRG
DOMINOS PIZZA INC	DPZ
DAVITA INC.	DVA
HUNTINGTON INGALLS INDUSTRIES, INC.	HII
Tempus AI, Inc.	TEM
BJ's Wholesale Club Holdings, Inc.	BJ
SERVICE CORP INTERNATIONAL	SCI
BIO-TECHNE Corp	TECH
BENTLEY SYSTEMS INC	BSY
Brookfield Wealth Solutions Ltd.	BNT
SailPoint, Inc.	SAIL
Owens Corning	OC
ALIGN TECHNOLOGY INC	ALGN
Freedom Holding Corp.	FRHC
GLOBUS MEDICAL INC	GMED
DEUTSCHE LUFTHANSA A G /FI	DLAKY
NOVA LTD.	NVMI
GENERAC HOLDINGS INC.	GNRC
Evercore Inc.	EVR
ADVANCED ENERGY INDUSTRIES INC	AEIS
Suzano S.A.	SUZ
UMB FINANCIAL CORP	UMBF
TFI International Inc.	TFII
NEW YORK TIMES CO	NYT
Knight-Swift Transportation Holdings Inc.	KNX
XPENG INC.	XPEV
Summit Therapeutics Inc.	SMMT
FACTSET RESEARCH SYSTEMS INC	FDS
Enlight Renewable Energy Ltd.	ENLT
POPULAR, INC.	BPOP
MGM Resorts International	MGM
Nitori Holdings Co., Ltd.	NCLTY
NIO Inc.	NIO
Paycom Software, Inc.	PAYC
Jefferies Financial Group Inc.	JEF
EASTGROUP PROPERTIES INC	EGP
Antero Midstream Corp	AM
Globalstar, Inc.	GSAT
MOLINA HEALTHCARE, INC.	MOH
GLAUKOS Corp	GKOS
Elastic N.V.	ESTC
REGAL REXNORD CORP	RRX
Axsome Therapeutics, Inc.	AXSM
AES CORP	AES
Allison Transmission Holdings Inc	ALSN
SANMINA CORP	SANM
BIO-RAD LABORATORIES, INC.	BIO
ARROW ELECTRONICS, INC.	ARW
ADVANCED DRAINAGE SYSTEMS, INC.	WMS
Krystal Biotech, Inc.	KRYS
Leonardo DRS, Inc.	DRS
LITTELFUSE INC /DE	LFUS
PayPay Corp	PAYP
WINTRUST FINANCIAL CORP	WTFC
SouthState Bank Corp	SSB
FEDERAL REALTY INVESTMENT TRUST	FRT
COGNEX CORP	CGNX
Apogee Therapeutics, Inc.	APGE
DARLING INGREDIENTS INC.	DAR
FLOWSERVE CORP	FLS
OLD REPUBLIC INTERNATIONAL CORP	ORI
UNIVERSAL HEALTH SERVICES INC	UHS
Luckin Coffee Inc.	LKNCY
IONIS PHARMACEUTICALS INC	IONS
DR REDDYS LABORATORIES LTD	RDY
INSULET CORP	PODD
ENSIGN GROUP, INC	ENSG
CULLEN/FROST BANKERS, INC.	CFR
FIRST MAJESTIC SILVER CORP	AG
Solstice Advanced Materials Inc.	SOLS
CYTOKINETICS INC	CYTK
PEARSON PLC	PSO
REPLIGEN CORP	RGEN
ACUITY INC. (DE)	AYI
HENRY SCHEIN INC	HSIC
MP Materials Corp. / DE	MP
SPX Technologies, Inc.	SPXC
Lineage, Inc.	LINE
ZIONS BANCORPORATION, NATIONAL ASSOCIATION /UT/	ZION
BRINKER INTERNATIONAL, INC	EAT
OLD NATIONAL BANCORP /IN/	ONB
Avantor, Inc.	AVTR
Abivax S.A.	ABVX
PENTAIR plc	PNR
Life Time Group Holdings, Inc.	LTH
Gildan Activewear Inc.	GIL
WYNN RESORTS LTD	WYNN
SKYWORKS SOLUTIONS, INC.	SWKS
RANGE RESOURCES CORP	RRC
Pandora A/S / ADR	PNDRY
Match Group, Inc.	MTCH
Frontline plc	FRO
Hut 8 Corp.	HUT
KRATOS DEFENSE & SECURITY SOLUTIONS, INC.	KTOS
PROCORE TECHNOLOGIES, INC.	PCOR
Praxis Precision Medicines, Inc.	PRAX
Kymera Therapeutics, Inc.	KYMR
Oscar Health, Inc.	OSCR
On Holding AG	ONON
WESTLAKE CORP	WLK
SIRIUS XM HOLDINGS INC.	SIRI
AFFILIATED MANAGERS GROUP, INC.	AMG
Chewy, Inc.	CHWY
FirstCash Holdings, Inc.	FCFS
Aptiv PLC	APTV
OSHKOSH CORP	OSK
Janus Living, Inc.	JAN
RYDER SYSTEM INC	R
ServiceTitan, Inc.	TTAN
OGE ENERGY CORP.	OGE
TETRA TECH INC	TTEK
Madison Square Garden Sports Corp.	MSGS
UiPath, Inc.	PATH
SAIA INC	SAIA
Sanrio Company, Ltd./ADR	SNROY
Voya Financial, Inc.	VOYA
MODINE MANUFACTURING CO	MOD
VIASAT INC	VSAT
KT CORP	KT
HOULIHAN LOKEY, INC.	HLI
Murphy USA Inc.	MUSA
Protagonist Therapeutics, Inc	PTGX
CareTrust REIT, Inc.	CTRE
Azbil Corporation/ADR	AZBLY
RAMBUS INC	RMBS
Snap Inc	SNAP
Liberty Live Holdings, Inc.	LLYVA
VALMONT INDUSTRIES INC	VMI
Forgent Power Solutions, Inc.	FPS
Full Truck Alliance Co. Ltd.	YMM
VIAVI SOLUTIONS INC.	VIAV
AGREE REALTY CORP	ADC
Kinetik Holdings Inc.	KNTK
Jackson Financial Inc.	JXN
American Airlines Group Inc.	AAL
Booz Allen Hamilton Holding Corp	BAH
CubeSmart	CUBE
APPLIED OPTOELECTRONICS, INC.	AAOI
Crinetics Pharmaceuticals, Inc.	CRNX
GERDAU S.A.	GGB
Primerica, Inc.	PRI
ALEXANDRIA REAL ESTATE EQUITIES, INC.	ARE
Brixmor Property Group Inc.	BRX
AECOM	ACM
Twist Bioscience Corp	TWST
Legence Corp.	LGN
QIAGEN N.V.	QGEN
GAMES WORKSHOP GROUP PLC/ADR	GWKSY
AUTOLIV INC	ALV
BUENAVENTURA MINING CO INC	BVN
Ryman Hospitality Properties, Inc.	RHP
Vaxcyte, Inc.	PCVX
CARMAX INC	KMX
DYCOM INDUSTRIES INC	DY
XP Inc.	XP
MOHAWK INDUSTRIES INC	MHK
Dutch Bros Inc.	BROS
Paylocity Holding Corp	PCTY
VICOR CORP	VICR
BRUKER CORP	BRKR
PROSPERITY BANCSHARES INC	PB
Kinsale Capital Group, Inc.	KNSL
NNN REIT, INC.	NNN
MINEBEA MITSUMI Inc.	MINBY
Sibanye Stillwater Ltd	SBSW
SM Energy Co	SM
InterDigital, Inc.	IDCC
SMITHFIELD FOODS INC	SFD
Keisei Electric Railway Co. Ltd/ADR	KERCY
WESTERN ALLIANCE BANCORPORATION	WAL
Immunovant, Inc.	IMVT
SPIE SA/ADR	SPIIY
FIRST INDUSTRIAL REALTY TRUST INC	FR
PBF Energy Inc.	PBF
COLUMBIA BANKING SYSTEM, INC.	COLB
Rexford Industrial Realty, Inc.	REXR
Compass, Inc.	COMP
ImmunityBio, Inc.	IBRX
GAP INC	GAP
NEWMARKET CORP	NEU
APTARGROUP, INC.	ATR
STANTEC INC	STN
Celsius Holdings, Inc.	CELH
TIMKEN CO	TKR
BOK FINANCIAL CORP	BOKF
Silicon Motion Technology CORP	SIMO
Primo Brands Corp	PRMB
LINCOLN NATIONAL CORP	LNC
EASTMAN CHEMICAL CO	EMN
Element Solutions Inc	ESI
TIM S.A.	TIMB
COMMERCE BANCSHARES INC /MO/	CBSH
TG THERAPEUTICS, INC.	TGTX
Qorvo, Inc.	QRVO
ENERGY CO OF PARANA	ELPC
Core & Main, Inc.	CNM
RUSH ENTERPRISES INC \TX\	RUSHA
APPFOLIO INC	APPF
StandardAero, Inc.	SARO
LEVI STRAUSS & CO	LEVI
StoneX Group Inc.	SNEX
LEAR CORP	LEA
UGI CORP /PA/	UGI
SMITH A O CORP	AOS
Hess Midstream LP	HESM
LITHIA MOTORS INC	LAD
ZILLOW GROUP, INC.	ZG
Morningstar, Inc.	MORN
Figure Technology Solutions, Inc.	FIGR
GameStop Corp.	GME
10x Genomics, Inc.	TXG
FORMFACTOR INC	FORM
Chord Energy Corp	CHRD
Alkermes plc.	ALKS
Sprott Physical Gold & Silver Trust	CEF
Spyre Therapeutics, Inc.	SYRE
Zurn Elkay Water Solutions Corp	ZWS
HEALTHEQUITY, INC.	HQY
HANOVER INSURANCE GROUP, INC.	THG
Axalta Coating Systems Ltd.	AXTA
NATIONAL FUEL GAS CO	NFG
Kanzhun Ltd	BZ
CAE INC	CAE
IDACORP INC	IDA
AGCO CORP /DE	AGCO
Clearway Energy, Inc.	CWEN
DROPBOX, INC.	DBX
Central Bancompany, Inc.	CBC
CAVA GROUP, INC.	CAVA
South Bow Corp	SOBO
ETSY INC	ETSY
PJT Partners Inc.	PJT
MOLSON COORS BEVERAGE CO	TAP
Vista Energy, S.A.B. de C.V.	VIST
Norwegian Cruise Line Holdings Ltd.	NCLH
First American Financial Corp	FAF
CONAGRA BRANDS INC.	CAG
Sprouts Farmers Market, Inc.	SFM
VALLEY NATIONAL BANCORP	VLY
Vibra Energia S.A./ADR	VBREY
VORNADO REALTY TRUST	VNO
Lamb Weston Holdings, Inc.	LW
Gitlab Inc.	GTLB
Zeta Global Holdings Corp.	ZETA
TERAWULF INC.	WULF
SASOL LTD	SSL
SSR MINING INC.	SSRM
PILGRIMS PRIDE CORP	PPC
Shimadzu Corporation/ADR	SHMXY
MOSAIC CO	MOS
AeroVironment Inc	AVAV
Simpson Manufacturing Co., Inc.	SSD
RHYTHM PHARMACEUTICALS, INC.	RYTM
NOV Inc.	NOV
B2GOLD CORP	BTG
ARMSTRONG WORLD INDUSTRIES INC	AWI
Maase Inc.	MAAS
Oklo Inc.	OKLO
Navan, Inc.	NAVN
MSA Safety Inc	MSA
KIRBY CORP	KEX
Victory Capital Holdings, Inc.	VCTR
STAG Industrial, Inc.	STAG
AVNET INC	AVT
Noble Corp plc	NE
SILICON LABORATORIES INC.	SLAB
TEREX CORP	TEX
Terreno Realty Corp	TRNO
Caris Life Sciences, Inc.	CAI
OneMain Holdings, Inc.	OMF
Mobileye Global Inc.	MBLY
Beijing Geekplus Technology Co., Ltd./ADR	BJGPY
AXIS CAPITAL HOLDINGS LTD	AXS
SentinelOne, Inc.	S
Builders FirstSource, Inc.	BLDR
FEDERAL NATIONAL MORTGAGE ASSOCIATION FANNIE MAE	FNMA
Applied Digital Corp.	APLD
FEDERAL SIGNAL CORP /DE/	FSS
ESCO TECHNOLOGIES INC	ESE
VinFast Auto Ltd.	VFS
Super Group (SGHC) Ltd	SGHC
FLUOR CORP	FLR
HEXCEL CORP /DE/	HXL
Arcosa, Inc.	ACA
Hinge Health, Inc.	HNGE
GRUPO FINANCIERO GALICIA SA	GGAL
Planet Labs PBC	PL
PIMCO Dynamic Income Fund	PDI
Riot Platforms, Inc.	RIOT
MACERICH CO	MAC
Victoria's Secret & Co.	VSXY
Laopu Gold Co. Ltd./ADR	LPGCY
Bachem Holding AG/ADR	BCHMY
CAMPBELL'S Co	CPB
Scholar Rock Holding Corp	SRRK
Matador Resources Co	MTDR
URBAN OUTFITTERS INC	URBN
DESCARTES SYSTEMS GROUP INC	DSGX
OR Royalties Inc.	OR
Bilibili Inc.	BILI
Triple Flag Precious Metals Corp.	TFPM
Aura Minerals Inc.	AUGO
NexGen Energy Ltd.	NXE
Sony Financial Group Inc./ADR	SFGYY
Ralliant Corp	RAL
Lottomatica Group S.p.A./ADR	LOTMY
CHEMED CORP	CHE
PACS Group, Inc.	PACS
Joby Aviation, Inc.	JOBY
Duolingo, Inc.	DUOL
POOL CORP	POOL
ULTRAPAR HOLDINGS INC	UGP
easyJet plc	ESYJY
Enact Holdings, Inc.	ACT
EnerSys	ENS
LandBridge Co LLC	LB
Global-E Online Ltd.	GLBE
WEX Inc.	WEX
Matson, Inc.	MATX
GDS Holdings Ltd	GDS
Lyft, Inc.	LYFT
Hims & Hers Health, Inc.	HIMS
POWELL INDUSTRIES INC	POWL
Loar Holdings Inc.	LOAR
ALLEGRO MICROSYSTEMS, INC.	ALGM
CLEVELAND-CLIFFS INC.	CLF
DPC Holdings PLC	DPC
AUTONATION, INC.	AN
Weatherford International plc	WFRD
OceanaGold Corp	OGC
Healthcare Realty Trust Inc	HR
Ingram Micro Holding Corp	INGM
CG Oncology, Inc.	CGON
ESSENTIAL PROPERTIES REALTY TRUST, INC.	EPRT
Ingredion Inc	INGR
Lantheus Holdings, Inc.	LNTH
AMDOCS LTD	DOX
Gates Industrial Corp Ltd.	GTES
ABERCROMBIE & FITCH CO /DE/	ANF
FNB CORP/PA/	FNB
TAL Education Group	TAL
StepStone Group Inc.	STEP
PLAINS GP HOLDINGS LP	PAGP
Rush Street Interactive, Inc.	RSI
Installed Building Products, Inc.	IBP
H&R BLOCK INC	HRB
Transocean Ltd.	RIG
Mobility Global Inc.	MBGL
QUALYS, INC.	QLYS
UNITED BANKSHARES INC/WV	UBSI
LKQ CORP	LKQ
PLEXUS CORP	PLXS
Vipshop Holdings Ltd	VIPS
Magnolia Oil & Gas Corp	MGY
Southwest Gas Holdings, Inc.	SWX
Genpact LTD	G
MGIC INVESTMENT CORP	MTG
NICE Ltd.	NICE
Trade Desk, Inc.	TTD
CAMTEK LTD	CAMT
Erasca, Inc.	ERAS
Enpro Inc.	NPO
ORMAT TECHNOLOGIES, INC.	ORA
Mitsubishi Gas Chemical Company, Inc./ADR	MBSHY
Cipher Digital Inc.	CIFR
Churchill Downs Inc	CHDN
AAON, INC.	AAON
Lumen Technologies, Inc.	LUMN
GATX CORP	GATX
Grupo Aval Acciones Y Valores S.A.	AVAL
Andersen Group Inc.	ANDG
STANDARD LIFE PLC	SLFPY
D-Wave Quantum Inc.	QBTS
Construction Partners, Inc.	ROAD
Essent Group Ltd.	ESNT
Travere Therapeutics, Inc.	TVTX
FirstService Corp	FSV
CREDIT ACCEPTANCE CORP	CACC
URANIUM ENERGY CORP	UEC
e.l.f. Beauty, Inc.	ELF
Karman Holdings Inc.	KRMN
Amneal Pharmaceuticals, Inc.	AMRX
Oruka Therapeutics, Inc.	ORKA
BELITE BIO, INC	BLTE
GLACIER BANCORP, INC.	GBCI
Bausch & Lomb Corp	BLCO
LANDSTAR SYSTEM INC	LSTR
Liquidia Corp	LQDA
Kiniksa Pharmaceuticals International, plc	KNSA
JBT MAREL Corp	JBTM
RAYONIER INC	RYN
OPEN TEXT CORP	OTEX
Albertsons Companies, Inc.	ACI
Eregli Demir ve Celik Fabrikalari TAS/ADR	ERELY
Schneider National, Inc.	SNDR
Caesars Entertainment, Inc.	CZR
EAGLE MATERIALS INC	EXP
HANCOCK WHITNEY CORP	HWC
Cogent Biosciences, Inc.	COGT
VSE CORP	VSEC
STARWOOD PROPERTY TRUST, INC.	STWD
Enel Chile S.A.	ENIC
Valaris Ltd	VAL
Intercorp Financial Services Inc.	IFS
Netskope Inc	NTSK
Brookfield Renewable Corp	BEPC
Sensata Technologies Holding plc	ST
Klaviyo, Inc.	KVYO
Barratt Developments PLC/ADR	BTDPY
CASELLA WASTE SYSTEMS INC	CWST
Dianthus Therapeutics, Inc. /DE/	DNTH
ARGAN INC	AGX
TELEFLEX INC	TFX
RadNet, Inc.	RDNT
HOME BANCSHARES INC	HOMB
TXNM ENERGY INC	TXNM
Everus Construction Group, Inc.	ECG
RLI CORP	RLI
Mirum Pharmaceuticals, Inc.	MIRM
Birkenstock Holding plc	BIRK
PEGASYSTEMS INC	PEGA
BBB FOODS INC	TBBB
Kodiak Gas Services, Inc.	KGS
Crocs, Inc.	CROX
Hamilton Lane INC	HLNE
Weir Group PLC/ADR	WEGRY
Virtu Financial, Inc.	VIRT
Clear Secure, Inc.	YOU
EPAM Systems, Inc.	EPAM
Enova International, Inc.	ENVA
ExlService Holdings, Inc.	EXLS
Red Rock Resorts, Inc.	RRR
ASSOCIATED BANC-CORP	ASB
Ariston Holding N.V./ADR	ARSTY
Macy's, Inc.	M
PORTLAND GENERAL ELECTRIC CO /OR/	POR
PTC THERAPEUTICS, INC.	PTCT
Atlantic Union Bankshares Corp	AUB
RingCentral, Inc.	RNG
BOYD GAMING CORP	BYD
Xenon Pharmaceuticals Inc.	XENE
Blackstone Secured Lending Fund	BXSL
SENSIENT TECHNOLOGIES CORP	SXT
Brookfield Business Corp	BBUC
BGC Group, Inc.	BGC
Ameris Bancorp	ABCB
Versant Media Group, Inc.	VSNT
Stevanato Group S.p.A.	STVN
MARKETAXESS HOLDINGS INC	MKTX
COMMVAULT SYSTEMS INC	CVLT
Frontdoor, Inc.	FTDR
WARRIOR MET COAL, INC.	HCC
NIQ Global Intelligence plc	NIQ
Dolby Laboratories, Inc.	DLB
BALCHEM CORP	BCPC
RENK Group AG/ADR	RKGRY
NEXSTAR MEDIA GROUP, INC.	NXST
MAXLINEAR, INC	MXL
ENERGY CO OF MINAS GERAIS	CIG
Rithm Capital Corp.	RITM
FLAGSTAR BANK, NATIONAL ASSOCIATION	FLG
MiniMed Group, Inc.	MMED
WYNDHAM HOTELS & RESORTS, INC.	WH
SONOCO PRODUCTS CO	SON
Floor & Decor Holdings, Inc.	FND
Blue Owl Capital Corp	OBDC
CHEESECAKE FACTORY INC	CAKE
Remitly Global, Inc.	RELY
WPP plc	WPP
LIGAND PHARMACEUTICALS INC	LGND
MakeMyTrip Ltd	MMYT
CRISPR Therapeutics AG	CRSP
Axos Financial, Inc.	AX
BLACK HILLS CORP /SD/	BKH
Phillips Edison & Company, Inc.	PECO
Sotera Health Co	SHC
Definium Therapeutics, Inc.	DFTX
Archrock, Inc.	AROC
ADT Inc.	ADT
SELECTIVE INSURANCE GROUP INC	SIGI
Main Street Capital CORP	MAIN
ACI WORLDWIDE, INC.	ACIW
GRANITE CONSTRUCTION INC	GVA
GXO Logistics, Inc.	GXO
Science Applications International Corp	SAIC
Xometry, Inc.	XMTR
CIRRUS LOGIC, INC.	CRUS
Klarna Group plc	KLAR
Fortune Brands Innovations, Inc.	FBIN
NEW JERSEY RESOURCES CORP	NJR
CNX Resources Corp	CNX
MERIT MEDICAL SYSTEMS INC	MMSI
V F CORP	VFC
Bank OZK	OZK
NOVANTA INC	NOVT
AAR CORP	AIR
MERCURY SYSTEMS INC	MRCY
KITE REALTY GROUP TRUST	KRG
SOLV Energy, Inc.	MWH
Crescent Energy Co	CRGY
CMB.TECH NV	CMBT
LAUREATE EDUCATION, INC.	LAUR
WEST FRASER TIMBER CO., LTD	WFG
Octave Intelligence plc	OCTV
PIPER SANDLER COMPANIES	PIPR
Copa Holdings, S.A.	CPA
Sabra Health Care REIT, Inc.	SBRA
Colliers International Group Inc.	CIGI
Jersey Mike's Subs Inc.	JMKE
OUTFRONT Media Inc.	OUT
Grifols SA	GRFS
PARSONS CORP	PSN
PRICESMART INC	PSMT
Core Scientific, Inc./tx	CORZ
Blue Owl Technology Finance Corp.	OTF
ACM Research, Inc.	ACMR
Almonty Industries Inc.	ALM
HA Sustainable Infrastructure Capital, Inc.	HASI
IMPINJ INC	PI
GOLAR LNG LTD	GLNG
Rigetti Computing, Inc.	RGTI
Tokyo Metro Co., Ltd./ADR	TKMTY
VARONIS SYSTEMS INC	VRNS
CNO Financial Group, Inc.	CNO
Sphere Entertainment Co.	SPHR
UNIFIRST CORP	UNF
WHITE MOUNTAINS INSURANCE GROUP LTD	WTM
CSW INDUSTRIALS, INC.	CSW
MURPHY OIL CORP	MUR
VAIL RESORTS INC	MTN
MIDDLEBY Corp	MIDD
Eastern Bankshares, Inc.	EBC
Rightmove PLC/ADR	RMVEY
Acushnet Holdings Corp.	GOLF
IQM Quantum Computers Oyj	IQMX
Reynolds Consumer Products Inc.	REYN
Moelis & Co	MC
Millrose Properties, Inc.	MRP
Perimeter Solutions, Inc.	PRM
HERC HOLDINGS INC	HRI
Solaris Energy Infrastructure, Inc.	SEI
Garrett Motion Inc.	GTX
OCEANEERING INTERNATIONAL INC	OII
Waystar Holding Corp.	WAY
BRUNSWICK CORP	BC
ACADIA PHARMACEUTICALS INC	ACAD
X-Energy, Inc.	XE
Core Natural Resources, Inc.	CNR
SLM Corp	SLM
MATERION Corp	MTRN
Amentum Holdings, Inc.	AMTM
ONE Gas, Inc.	OGS
LOUISIANA-PACIFIC CORP	LPX
Webull Corp	BULL
CHOICE HOTELS INTERNATIONAL INC /DE	CHH
BILL Holdings, Inc.	BILL
TFS Financial CORP	TFSL
Global Business Travel Group, Inc.	GBTG
Iridium Communications Inc.	IRDM
MARFRIG GLOBAL FOODS S.A.	MBRFY
BETA Technologies, Inc.	BETA
Graham Holdings Co	GHC
Celanese Corp	CE
Enphase Energy, Inc.	ENPH
Bullish	BLSH
Champion Homes, Inc.	SKY
International Seaways, Inc.	INSW
Atour Lifestyle Holdings Ltd	ATAT
CTF Services Ltd	NWSGY
SPIRE INC	SR
AVIS BUDGET GROUP, INC.	CAR
BOX INC	BOX
Ottobock SE & Co. KGaA/ADR	OBOCY
Central North Airport Group	OMAB
RADIAN GROUP INC	RDN
COUSINS PROPERTIES INC	CUZ
Macro Bank Inc.	BMA
Dave Inc./DE	DAVE
FLSMIDTH & CO. A/S	FLIDY
Parabilis Medicines, Inc.	PBLS
GENTEX CORP	GNTX
FEDERATED HERMES, INC.	FHI
KBR, INC.	KBR
ESAB Corp	ESAB
Cactus, Inc.	WHD
ICAHN ENTERPRISES L.P.	IEP
FIRST FINANCIAL BANKSHARES INC	FFIN
GREIF, INC	GEF
ALASKA AIR GROUP, INC.	ALK
BLACKBERRY Ltd	BB
Brookfield Infrastructure Corp	BIPC
PATTERSON UTI ENERGY INC	PTEN
Bumrungrad Hospital Public Co Limited/ADR	BUHPY
ServisFirst Bancshares, Inc.	SFBS
Neptune Insurance Holdings Inc.	NP
HAEMONETICS CORP	HAE
LifeStance Health Group, Inc.	LFST
Doximity, Inc.	DOCS
UFP INDUSTRIES INC	UFPI
Boot Barn Holdings, Inc.	BOOT
VISHAY INTERTECHNOLOGY INC	VSH
TURKCELL ILETISIM HIZMETLERI A S	TKC
TUTOR PERINI CORP	TPC
Chefs' Warehouse, Inc.	CHEF
MDA Space Ltd.	MDA
ROBERT HALF INC.	RHI
Dyne Therapeutics, Inc.	DYN
GRUPO SIMEC, S.A.B. de C.V.	SIM
California Resources Corp	CRC
Edgewise Therapeutics, Inc.	EWTX
TREX CO INC	TREX
MYR GROUP INC.	MYRG
Covista Inc.	CVSA
Hagerty, Inc.	HGTY
Meritage Homes CORP	MTH
TIDEWATER INC	TDW
Alliance Laundry Holdings Inc.	ALH
CENTURY ALUMINUM CO	CENX
INSIGHT ENTERPRISES INC	NSIT
Paymentus Holdings, Inc.	PAY
EPR PROPERTIES	EPR
NELNET INC	NNI
Centerra Gold Inc.	CGAU
GRIFFON CORP	GFF
BRINKS CO	BCO
FULTON FINANCIAL CORP	FULT
EquipmentShare.com Inc	EQPT
BRP Inc.	DOO
Ondas Inc.	ONDS
Broadstone Net Lease, Inc.	BNL
TANGER INC.	SKT
RUM Group Inc.	RUM
METHANEX CORP	MEOH
BELDEN INC.	BDC
KORN FERRY	KFY
Vontier Corp	VNT
SL GREEN REALTY CORP	SLG
FRANKLIN ELECTRIC CO INC	FELE
SILGAN HOLDINGS INC	SLGN
CCC Intelligent Solutions Holdings Inc.	CCC
Delek US Holdings, Inc.	DK
Metallium Limited/ADR	MTLMY
dLocal Ltd	DLO
INTERNATIONAL BANCSHARES CORP	IBOC
BillionToOne, Inc.	BLLN
Travel & Leisure Co.	TNL
LivaNova PLC	LIVN
Fervo Energy Co	FRVO
Concentra Group Holdings Parent, Inc.	CON
Archer Aviation Inc.	ACHR
ICU MEDICAL INC/DE	ICUI
CAVCO INDUSTRIES, INC.	CVCO
Excelerate Energy, Inc.	EE
USA Rare Earth, Inc.	USAR
Envista Holdings Corp	NVST
Ollie's Bargain Outlet Holdings, Inc.	OLLI
ALGONQUIN POWER & UTILITIES CORP.	AQN
MATTEL INC /DE/	MAT
NGEx Minerals Ltd.	NGXXF
AMERICOLD REALTY TRUST	COLD
Celcuity Inc.	CELC
Pampa Energy Inc.	PAM
GEO GROUP INC	GEO
CABOT CORP	CBT
NorthWestern Energy Group, Inc.	NWE
OPENLANE, Inc.	OPLN
WORKIVA INC	WK
MIAMI INTERNATIONAL HOLDINGS, INC.	MIAX
KILROY REALTY CORP	KRC
Accelerant Holdings	ARX
COHEN & STEERS, INC.	CNS
Helmerich & Payne, Inc.	HP
ITRON, INC.	ITRI
FIRST BANCORP /PR/	FBP
TEXAS CAPITAL BANCSHARES INC/TX	TCBI
Enliven Therapeutics, Inc.	ELVN
monday.com Ltd.	MNDY
Integer Holdings Corp	ITGR
COPT DEFENSE PROPERTIES	CDP
KULICKE & SOFFA INDUSTRIES INC	KLIC
Adaro Energy PT/ADR/	ADOOY
Kontoor Brands, Inc.	KTB
FTI CONSULTING, INC	FCN
COMSTOCK RESOURCES INC	CRK
Pattern Group Inc.	PTRN
Lazard, Inc.	LAZ
Hafnia Ltd	HAFN
Cinemark Holdings, Inc.	CNK
UNITED COMMUNITY BANKS INC	UCB
GAS TRANSPORTER OF THE SOUTH INC	TGS
CVR ENERGY INC	CVI
VEON Ltd.	VEON
SiteOne Landscape Supply, Inc.	SITE
Calumet, Inc. /DE	CLMT
Tenable Holdings, Inc.	TENB
UWM Holdings Corp	UWMC
Sezzle Inc.	SEZL
AZZ INC	AZZ
Heartflow, Inc.	HTFL
MDU RESOURCES GROUP INC	MDU
DNP SELECT INCOME FUND INC	DNP
Lemonade, Inc.	LMND
Inficon Holding AG/ADR	IFHLY
CATHAY GENERAL BANCORP	CATY
Aris Mining Corp	ARIS
Skeena Resources Ltd	SKE
Relay Therapeutics, Inc.	RLAY
CECO ENVIRONMENTAL CORP	CECO
MARA Holdings, Inc.	MARA
VALVOLINE INC	VVV
Indivior Pharmaceuticals, Inc.	INDV
BREAD FINANCIAL HOLDINGS, INC.	BFH
AVIENT CORP	AVNT
Veradermics, Inc	MANE
AUMOVIO SE	AMVOY
Q2 Holdings, Inc.	QTWO
Adaptive Biotechnologies Corp	ADPT
Planet Fitness, Inc.	PLNT
Ero Copper Corp.	ERO
WSFS FINANCIAL CORP	WSFS
DIODES INC /DEL/	DIOD
THOR INDUSTRIES INC	THO
SMG Swiss Marketplace Group AG/ADR	SMGSY
Aya Gold & Silver Inc.	AYA
Tango Therapeutics, Inc.	TNGX
PAR PACIFIC HOLDINGS, INC.	PARR
Primoris Services Corp	PRIM
iRhythm Holdings, Inc.	IRTC
INDEPENDENCE REALTY TRUST, INC.	IRT
BADGER METER INC	BMI
Grand Canyon Education, Inc.	LOPE
CORPORACION AMERICA AIRPORTS S.A.	CAAP
SunocoCorp LLC	SUNC
AXT INC	AXTI
CVB FINANCIAL CORP	CVBF
WaterBridge Infrastructure LLC	WBI
Apple Hospitality REIT, Inc.	APLE
Scorpio Tankers Inc.	STNG
USA Compression Partners, LP	USAC
Bath & Body Works, Inc.	BBWI
INDEPENDENT BANK CORP	INDB
Howard Hughes Holdings Inc.	HHH
Legend Biotech Corp	LEGN
Atmus Filtration Technologies Inc.	ATMU
Hamamatsu Photonics K.K./ADR	HPHTY
WESBANCO INC	WSBC
IDEAYA Biosciences, Inc.	IDYA
ST JOE Co	JOE
NEWMARK GROUP, INC.	NMRK
Amylyx Pharmaceuticals, Inc.	AMLX
Post Holdings, Inc.	POST
Braze, Inc.	BRZE
TELEPHONE & DATA SYSTEMS INC /DE/	TDS
GPGI, Inc.	GPGI
PennyMac Financial Services, Inc.	PFSI
Telix Pharmaceuticals Ltd	TLX
TRANSALTA CORP	TAC
SKYWEST INC	SKYW
Denali Therapeutics Inc.	DNLI
M/I HOMES, INC.	MHO
Dorman Products, Inc.	DORM
Sportradar Group AG	SRAD
Otter Tail Corp	OTTR
UNIVERSAL DISPLAY CORP \PA\	OLED
MARRIOTT VACATIONS WORLDWIDE Corp	VAC
Nippon Express Holdings, Inc./ADR	NEXHY
Mueller Water Products, Inc.	MWA
NOVAGOLD RESOURCES INC	NG
ASBURY AUTOMOTIVE GROUP INC	ABG
CAL-MAINE FOODS INC	CALM
WillScot Holdings Corp	WSC
INTERPARFUMS INC	IPAR
NUSCALE POWER Corp	SMR
GENWORTH FINANCIAL INC	GNW
RENASANT CORP	RNST
Viking Therapeutics, Inc.	VKTX
ANDINA BOTTLING CO INC	AKO-A
SEABOARD CORP /DE/	SEB
Madison Square Garden Entertainment Corp.	MSGE
WisdomTree, Inc.	WT
BANCFIRST CORP /OK/	BANF
SYNAPTICS Inc	SYNA
Ermenegildo Zegna N.V.	ZGN
Arcus Biosciences, Inc.	RCUS
FEDERAL HOME LOAN MORTGAGE CORP	FMCC
AbCellera Biologics Inc.	ABCL
Ethos Technologies Inc.	LIFE
CONSTELLIUM SE	CSTM
Knife River Corp	KNF
Air Water Inc./ADR	AWATY
Polaris Inc.	PII
Liberty Global Ltd.	LBTYA
Fastly, Inc.	FSLY
BRIGHT HORIZONS FAMILY SOLUTIONS INC.	BFAM
JOYY Inc.	JOYY
IOVANCE BIOTHERAPEUTICS, INC.	IOVA
Wix.com Ltd.	WIX
ENERGY FUELS INC	UUUU
Mirion Technologies, Inc.	MIR
STANDEX INTERNATIONAL CORP/DE/	SXI
RXO, Inc.	RXO
BW LPG Ltd	BWLP
Freshworks Inc.	FRSH
Organon & Co.	OGN
FIRST ADVANTAGE CORP	FA
NICOLET BANKSHARES INC	NIC
LXP Industrial Trust	LXP
Option Care Health, Inc.	OPCH
Stride, Inc.	LRN
PARK NATIONAL CORP /OH/	PRK
AXCELIS TECHNOLOGIES INC	ACLS
FORTUNA MINING CORP.	FSM
Atlanta Braves Holdings, Inc.	BATRA
Vita Coco Company, Inc.	COCO
HNI CORP	HNI
AMERICAN STATES WATER CO	AWR
GRAIL, Inc.	GRAL
KADANT INC	KAI
NATIONAL HEALTH INVESTORS INC	NHI
FIRST INTERSTATE BANCSYSTEM INC	FIBK
Life360, Inc.	LIF
PEABODY ENERGY CORP	BTU
SCOTTS MIRACLE-GRO CO	SMG
Mechanics Bancorp	MCHB
HIGHWOODS PROPERTIES, INC.	HIW
VERACYTE, INC.	VCYT
CORVEL CORP	CRVL
National Energy Services Reunited Corp.	NESR
NATIONAL HEALTHCARE CORP	NHC
Shift4 Payments, Inc.	FOUR
Palomar Holdings, Inc.	PLMR
Firefly Aerospace Inc.	FLY
Hamilton Insurance Group, Ltd.	HG
CENTRUS ENERGY CORP	LEU
SEABRIDGE GOLD INC	SA
QuantumScape Corp	QS
UNITED STATES LIME & MINERALS INC	USLM
Curbline Properties Corp.	CURB
FIRST FINANCIAL BANCORP /OH/	FFBC
REAVES UTILITY INCOME FUND	UTG
Hilton Grand Vacations Inc.	HGV
MAGNITE, INC.	MGNI
ALLIANCEBERNSTEIN HOLDING L.P.	AB
Star Bulk Carriers Corp.	SBLK
Versigent PLC	VGNT
NCR Atleos Corp	NATL
Freshpet, Inc.	FRPT
EXPONENT INC	EXPO
GRAPHIC PACKAGING HOLDING CO	GPK
PULSE BIOSCIENCES, INC.	PLSE
SPROTT INC.	SII
CoreCivic, Inc.	CXW
Acadian Asset Management Inc.	AAMI
Nuveen AMT-Free Quality Municipal Income Fund	NEA
ASHLAND INC.	ASH
Lionsgate Studios Corp.	LION
ALLIANCE RESOURCE PARTNERS LP	ARLP
FS KKR Capital Corp	FSK
uniQure N.V.	QURE
GOLUB CAPITAL BDC, Inc.	GBDC
NMI Holdings, Inc.	NMIH
CALAMOS STRATEGIC TOTAL RETURN FUND	CSQ
Twenty One Capital, Inc.	XXI
AGILYSYS INC	AGYS
ERock, Inc.	EROC
Structure Therapeutics Inc.	GPCR
KB HOME	KBH
LG Display Co., Ltd.	LPL
Trekor Metals Ltd	TGB
Cushman & Wakefield Ltd.	CWK
SEACOAST BANKING CORP OF FLORIDA	SBCF
Intapp, Inc.	INTA
TORM plc	TRMD
BAYTEX ENERGY CORP.	BTE
COMMUNITY FINANCIAL SYSTEM, INC.	CBU
ASSURED GUARANTY LTD	AGO
ZIM Integrated Shipping Services Ltd.	ZIM
BankUnited, Inc.	BKU
Csquare, Inc.	CSQR
Pony AI Inc.	PONY
OSI SYSTEMS INC	OSIS
SIMMONS FIRST NATIONAL CORP	SFNC
ASTRONICS CORP	ATRO
Hercules Capital, Inc.	HTGC
STEVEN MADDEN, LTD.	SHOO
DANA Inc	DAN
EagleRock Land, LLC	EROK
TRINET GROUP, INC.	TNET
CarGurus, Inc.	CARG
Ionic Digital Inc.	IOND
B&M European Value Retail S.A./ADR	BMRRY
Liftoff Mobile, Inc.	LFTO
IPG PHOTONICS CORP	IPGP
ADAMS DIVERSIFIED EQUITY FUND, INC.	ADX
Allied Gold Corp	AAUC
Turk Altin Isletmeleri A.S./ADR	KOZAY
Opendoor Technologies Inc.	OPEN
Fermi Inc.	FRMI
DYNEX CAPITAL INC	DX
Park Hotels & Resorts Inc.	PK
CHESAPEAKE UTILITIES CORP	CPK
GROUP 1 AUTOMOTIVE INC	GPI
Vesta Real Estate Corporation, S.A.B. de C.V.	VTMX
Delek Logistics Partners, LP	DKL
Kingsoft Cloud Holdings Ltd	KC
Atkore Inc.	ATKR
DHT Holdings, Inc.	DHT
F&G Annuities & Life, Inc.	FG
Black Stone Minerals, L.P.	BSM
AVISTA CORP	AVA
Ultra Clean Holdings, Inc.	UCTT
MAXIMUS, INC.	MMS
Tarsus Pharmaceuticals, Inc.	TARS
Xanadu Quantum Technologies Ltd	XNDU
SOUNDHOUND AI, INC.	SOUN
FIRST HAWAIIAN, INC.	FHB
GULFPORT ENERGY CORP	GPOR
ENDEAVOUR SILVER CORP	EXK
Warby Parker Inc.	WRBY
Green Brick Partners, Inc.	GRBK
PERPETUA RESOURCES CORP.	PPTA
Immunome Inc.	IMNM
CALIFORNIA WATER SERVICE GROUP	CWT
Liberty Energy Inc.	LBRT
Celldex Therapeutics, Inc.	CLDX
Kyivstar Group Ltd.	KYIV
ARRAY DIGITAL INFRASTRUCTURE, INC.	AD
MARZETTI CO	MZTI
TransMedics Group, Inc.	TMDX
Artisan Partners Asset Management Inc.	APAM
AMBARELLA INC	AMBA
TOOTSIE ROLL INDUSTRIES INC	TR
ARCBEST CORP /TX/	ARCB
Disc Medicine, Inc.	IRON
Brighthouse Financial, Inc.	BHF
DENISON MINES CORP.	DNN
MBX Biosciences, Inc.	MBX
PROVIDENT FINANCIAL SERVICES INC	PFS
NATIONAL BEVERAGE CORP	FIZZ
TEEKAY TANKERS LTD.	TNK
Wingstop Inc.	WING
MINISO Group Holding Ltd	MNSO
SPS COMMERCE INC	SPSC
FULLER H B CO	FUL
YETI Holdings, Inc.	YETI
PLUG POWER INC	PLUG
BANK OF HAWAII CORP	BOH
ACADIA REALTY TRUST	AKR
Cellebrite DI Ltd.	CLBT
NewAmsterdam Pharma Co N.V.	NAMS
Ardagh Metal Packaging S.A.	AMBP
APPIAN CORP	APPN
Beam Therapeutics Inc.	BEAM
BEL FUSE INC /NJ	BELFA
SEADRILL Ltd	SDRL
Arcutis Biotherapeutics, Inc.	ARQT
DigitalBridge Group, Inc.	DBRG
Shake Shack Inc.	SHAK
Hayward Holdings, Inc.	HAYW
COLUMBIA SPORTSWEAR CO	COLM
AvePoint, Inc.	AVPT
CLEANSPARK, INC.	CLSK
Baldwin Insurance Group, Inc.	BWIN
RESIDEO TECHNOLOGIES, INC.	REZI
CBIZ, Inc.	CBZ
Navitas Semiconductor Corp	NVTS
BANC OF CALIFORNIA, INC.	BANC
MGE ENERGY INC	MGEE
EXTREME NETWORKS INC	EXTR
HARLEY-DAVIDSON, INC.	HOG
Urban Edge Properties	UE
Knowles Corp	KN
ManpowerGroup Inc.	MAN
People Inc	PPLI
Zai Lab Ltd	ZLAB
Banco BBVA Argentina S.A.	BBAR
WD 40 CO	WDFC
Aveanna Healthcare Holdings, Inc.	AVAH
DXP ENTERPRISES INC	DXPE
ALUMIS INC.	ALMS
Hypermarcas S.A.	HYPMY
Alpha Metallurgical Resources, Inc.	AMR
Infleqtion, Inc.	INFQ
FB Financial Corp	FBK
Kyndryl Holdings, Inc.	KD
POWER INTEGRATIONS INC	POWI
DNOW Inc.	DNOW
Crane NXT, Co.	CXT
DIGI INTERNATIONAL INC	DGII
QUAKER CHEMICAL CORP	KWR
MARAVAI LIFESCIENCES HOLDINGS, INC.	MRVI
Alignment Healthcare, Inc.	ALHC
Adeia Inc.	ADEA
NETSCOUT SYSTEMS INC	NTCT
AMERICAN EAGLE OUTFITTERS INC	AEO
Upstart Holdings, Inc.	UPST
Alarm.com Holdings, Inc.	ALRM
Brookdale Senior Living Inc.	BKD
IHS Holding Ltd	IHS
Callaway Golf Co	CALY
RH	RH
UNITED NATURAL FOODS INC	UNFI
SiriusPoint Ltd	SPNT
TALOS ENERGY INC.	TALO
WORTHINGTON ENTERPRISES, INC.	WOR
ABM INDUSTRIES INC /DE/	ABM
IMAX CORP	IMAX
Titan America SA	TTAM
SILVERCORP METALS INC	SVM
Four Corners Property Trust, Inc.	FCPT
Nuveen Preferred & Income Opportunities Fund	JPC
SELLAS Life Sciences Group, Inc.	SLS
Axogen, Inc.	AXGN
MCGRATH RENTCORP	MGRC
Bitdeer Technologies Group	BTDR
ChronoScale Holdings Corp	CHRN
Slide Insurance Holdings, Inc.	SLDE
JOHN WILEY & SONS, INC.	WLY
CENTRAL GARDEN & PET CO	CENT
NORTHERN OIL & GAS, INC.	NOG
Select Water Solutions, Inc.	WTTR
Nuveen Quality Municipal Income Fund	NAD
BOISE CASCADE Co	BCC
Grindr Inc.	GRND
Cosan S.A.	CSAN
AtaiBeckley Inc.	ATAI
TMC the metals Co Inc.	TMC
Nurix Therapeutics, Inc.	NRIX
Academy Sports & Outdoors, Inc.	ASO
Neutron Holdings, Inc.	LIME
VEECO INSTRUMENTS INC	VECO
VISTEON CORP	VC
Bancorp, Inc.	TBBK
TRUSTMARK CORP	TRMK
EBOS Group Limited/ADR	EBOSY
Redwire Corp	RDW
PATRICK INDUSTRIES INC	PATK
Acadia Healthcare Company, Inc.	ACHC
AEHR TEST SYSTEMS	AEHR
NBT BANCORP INC	NBTB
WAFD INC	WAFD
WHIRLPOOL CORP /DE/	WHR
Customers Bancorp, Inc.	CUBI
BKV Corp	BKV
TERADATA CORP /DE/	TDC
DUCOMMUN INC /DE/	DCO
Privia Health Group, Inc.	PRVA
H2O AMERICA	HTO
Lincoln International, Inc.	LCLN
GABELLI DIVIDEND & INCOME TRUST	GDV
FIRST BANCORP /NC/	FBNC
Beacon Financial Corp	BBT
PT XLSMART Telecom Sejahtera Tbk/ADR	PTXKY
Viridian Therapeutics, Inc.\DE	VRDN
FIRST MERCHANTS CORP	FRME
Trump Media & Technology Group Corp.	DJT
Autohome Inc.	ATHM
Nuveen AMT-Free Municipal Credit Income Fund	NVG
EURONET WORLDWIDE, INC.	EEFT
DiamondRock Hospitality Co	DRH
NEWELL BRANDS INC.	NWL
Sunshine Silver Mining & Refining Co	SSMR
Okeanis Eco Tankers Corp.	ECO
CareDx, Inc.	CDNA
GeneDx Holdings Corp.	WGS
ADVANCE AUTO PARTS INC	AAP
Goosehead Insurance, Inc.	GSHD
BENCHMARK ELECTRONICS INC	BHE
FIGS, Inc.	FIGS
NEXTNAV INC.	NN
ONESPAWORLD HOLDINGS Ltd	OSW
Curaleaf Holdings, Inc.	CURLF
McGraw Hill, Inc.	MH
Huron Consulting Group Inc.	HURN
InvenTrust Properties Corp.	IVT
Five9, Inc.	FIVN
KAISER ALUMINUM CORP	KALU
NEOGEN CORP	NEOG
SONIC AUTOMOTIVE INC	SAH
SUPERNUS PHARMACEUTICALS, INC.	SUPN
PHINIA INC.	PHIN
Penguin Solutions, Inc.	PENG
Ultragenyx Pharmaceutical Inc.	RARE
HAWKINS INC	HWKN